--
-- PostgreSQL database dump
--

\restrict KwlJRNSLf6sz1PkF9GbjYk9rKQZEBMe40Vbn4IsIriNeb9Hvmt0ha2I5NxTupc0

-- Dumped from database version 16.11
-- Dumped by pg_dump version 16.11

SET statement_timeout = 0;
SET lock_timeout = 0;
SET idle_in_transaction_session_timeout = 0;
SET client_encoding = 'UTF8';
SET standard_conforming_strings = on;
SELECT pg_catalog.set_config('search_path', '', false);
SET check_function_bodies = false;
SET xmloption = content;
SET client_min_messages = warning;
SET row_security = off;

SET default_tablespace = '';

SET default_table_access_method = heap;

--
-- Name: ateliers; Type: TABLE; Schema: public; Owner: app
--

CREATE TABLE public.ateliers (
    id integer NOT NULL,
    titre character varying(255) DEFAULT NULL::character varying,
    description text,
    date timestamp(0) without time zone DEFAULT NULL::timestamp without time zone,
    duree character varying(50) DEFAULT NULL::character varying,
    capacite_max integer,
    places_restantes integer,
    image_url character varying(500) DEFAULT NULL::character varying,
    formateur_id integer
);


ALTER TABLE public.ateliers OWNER TO app;

--
-- Name: ateliers_id_seq; Type: SEQUENCE; Schema: public; Owner: app
--

ALTER TABLE public.ateliers ALTER COLUMN id ADD GENERATED BY DEFAULT AS IDENTITY (
    SEQUENCE NAME public.ateliers_id_seq
    START WITH 1
    INCREMENT BY 1
    NO MINVALUE
    NO MAXVALUE
    CACHE 1
);


--
-- Name: inscriptions; Type: TABLE; Schema: public; Owner: app
--

CREATE TABLE public.inscriptions (
    id integer NOT NULL,
    date_inscription timestamp(0) without time zone DEFAULT NULL::timestamp without time zone,
    utilisateur_id integer,
    atelier_id integer
);


ALTER TABLE public.inscriptions OWNER TO app;

--
-- Name: inscriptions_id_seq; Type: SEQUENCE; Schema: public; Owner: app
--

ALTER TABLE public.inscriptions ALTER COLUMN id ADD GENERATED BY DEFAULT AS IDENTITY (
    SEQUENCE NAME public.inscriptions_id_seq
    START WITH 1
    INCREMENT BY 1
    NO MINVALUE
    NO MAXVALUE
    CACHE 1
);


--
-- Name: users; Type: TABLE; Schema: public; Owner: app
--

CREATE TABLE public.users (
    id integer NOT NULL,
    nom character varying(255) DEFAULT NULL::character varying,
    prenom character varying(255) DEFAULT NULL::character varying,
    email character varying(255) DEFAULT NULL::character varying,
    telephone character varying(20) DEFAULT NULL::character varying,
    password character varying(255) DEFAULT NULL::character varying,
    competences json
);


ALTER TABLE public.users OWNER TO app;

--
-- Name: users_formateurs; Type: TABLE; Schema: public; Owner: app
--

CREATE TABLE public.users_formateurs (
    id integer NOT NULL,
    bio text,
    specialite character varying(255) DEFAULT NULL::character varying,
    experiences text,
    user_id integer
);


ALTER TABLE public.users_formateurs OWNER TO app;

--
-- Name: users_formateurs_id_seq; Type: SEQUENCE; Schema: public; Owner: app
--

ALTER TABLE public.users_formateurs ALTER COLUMN id ADD GENERATED BY DEFAULT AS IDENTITY (
    SEQUENCE NAME public.users_formateurs_id_seq
    START WITH 1
    INCREMENT BY 1
    NO MINVALUE
    NO MAXVALUE
    CACHE 1
);


--
-- Name: users_id_seq; Type: SEQUENCE; Schema: public; Owner: app
--

ALTER TABLE public.users ALTER COLUMN id ADD GENERATED BY DEFAULT AS IDENTITY (
    SEQUENCE NAME public.users_id_seq
    START WITH 1
    INCREMENT BY 1
    NO MINVALUE
    NO MAXVALUE
    CACHE 1
);


--
-- Data for Name: ateliers; Type: TABLE DATA; Schema: public; Owner: app
--

COPY public.ateliers (id, titre, description, date, duree, capacite_max, places_restantes, image_url, formateur_id) FROM stdin;
1	Développement Web avec React	Apprenez à créer des applications web modernes et réactives avec React. Ce cours couvre les fondamentaux du framework React, la gestion des composants, les hooks, le state management et les bonnes pratiques pour développer des applications web performantes et évolutives.	2025-01-15 00:00:00	3h	15	14	https://images.unsplash.com/photo-1587620962725-abab7fe55159?w=800&q=80	1
3	Base de données avancée	Approfondissez vos connaissances en bases de données relationnelles. Ce cours avancé couvre la modélisation complexe, l'optimisation des requêtes SQL, les jointures avancées, les transactions et les bonnes pratiques de sécurisation des données.	2025-01-25 00:00:00	2h	10	9	https://images.unsplash.com/photo-1558494949-ef010cbdcc31?w=800&q=80	3
4	Design UX/UI moderne	Maîtrisez les principes fondamentaux du design d'expérience utilisateur et d'interface. Apprenez à créer des interfaces intuitives, accessibles et esthétiques en utilisant les outils de design les plus récents comme Figma et Adobe XD.	2025-02-01 00:00:00	3h	12	11	https://images.unsplash.com/photo-1561070791-2526d30994b5?w=800&q=80	4
5	DevOps et CI/CD	Découvrez les pratiques DevOps modernes pour automatiser le déploiement et améliorer la qualité du code. Apprenez à utiliser Docker, Kubernetes, GitHub Actions et autres outils de CI/CD pour créer des pipelines de livraison continue.	2025-02-05 00:00:00	4h	8	8	https://images.unsplash.com/photo-1551288049-bebda4e38f71?w=800&q=80	5
6	Cybersécurité Web	Apprenez à sécuriser vos applications web contre les vulnérabilités courantes. Ce cours couvre les attaques XSS, CSRF, SQL injection, l'authentification sécurisée, le chiffrement et les meilleures pratiques de sécurité OWASP.	2025-02-10 00:00:00	3h	15	15	https://images.unsplash.com/photo-1550751827-4bd374c3f58b?w=800&q=80	5
2	Introduction à Symfony	Découvrez Symfony, le framework PHP puissant pour créer des applications web robustes et évolutives. Apprenez à maîtriser les composants clés du framework, la structure MVC, les routes, les contrôleurs et les templates Twig.	2025-01-20 00:00:00	4h	20	18	https://images.unsplash.com/photo-1517694712202-14dd9538aa97?w=800&q=80	2
\.


--
-- Data for Name: inscriptions; Type: TABLE DATA; Schema: public; Owner: app
--

COPY public.inscriptions (id, date_inscription, utilisateur_id, atelier_id) FROM stdin;
1	2026-01-06 14:16:28	4	3
2	2026-01-06 14:16:34	4	1
3	2026-01-06 14:16:38	4	2
4	2026-01-06 14:17:45	5	4
5	2026-02-12 10:41:46	1	2
\.


--
-- Data for Name: users; Type: TABLE DATA; Schema: public; Owner: app
--

COPY public.users (id, nom, prenom, email, telephone, password, competences) FROM stdin;
2	Utilisateur	Test	test@skillhub.com	0601020304	$2y$12$5UkB4AbHv1Jc8ggEAwJLUueSSt1AdZcHBl6HDe3ILpfWHMxaGJIq6	\N
3	Admin	Admin	admin@skillhub.com	0601020305	$2y$12$dugmDob18ogdOL6PdgOdve7.KVCYy32kgJYwBJIvmDxLf0l1YPPCS	\N
4	Test	Fichier	fichier@test.com	0123456789	$2y$12$DhkaqPpBTvKAPjEkz6foE.Lp7nb4WaGMTPnSnH6BUd34HCdjel0Ki	\N
5	Gazo	Drillfr	gazo@gmail.com	0611223344	$2y$12$bmm42kvhj1g2L9CIcZKuJ.mLQKd1YSJjSKeMKvnRqhN4o7kZQ32rC	\N
6	booba	booba	booba@gmail.com	0655229901	$2y$12$lWeEcXdJdEAMDB1zj/HJjuh5wEzCCTeZEj46DO11G5d37FsW70kVy	\N
7	Dupont	Jean	jean.dupont@skillhub.com	0600000000	$2y$12$TNA5oyxMWkmSlRVnr2ayu.77E7slYXs95Fmed5abkuRmDZ94KNK2G	\N
8	Martin	Marie	marie.martin@skillhub.com	0600000000	$2y$12$5tLQhZ0uOmSrhyubkmusM.WeNWvIoAPsHVtfHTA5Qcjc7RsuHPQxa	\N
9	Durand	Pierre	pierre.durand@skillhub.com	0600000000	$2y$12$TVZrYa2EcByo9xIe3oqIzuX9rzzhgbrq5o7tQdfDAdQ9PwdFTnUHq	\N
10	Bernard	Sophie	sophie.bernard@skillhub.com	0600000000	$2y$12$hvnfgHnX8HSEXMAE.UrTCewciMyq3FP02SgLd1tf6bbUcmMIc.ZEa	\N
11	Moreau	Lucas	lucas.moreau@skillhub.com	0600000000	$2y$12$FyrtiiRVruXzl3KJGwMSK.dXtaZy2/keX5msBmOvaHt1opZOgp0mC	\N
1	Lazaar	Lazaar	lazaar17030@gmail.com	1234567890	$2y$12$iSpVMUKSIN6lQ0JLxRnQluN1aT2lzChngUyX9KaJ5OnE/eirxTExO	["Symfony"]
12	Sami	Sami	samie17030@gmail.com	1234567890	$2y$12$JRwvYyupK/c1mjK.7UQIAOzmz9Gh.RHjRM8yBc94uRWiQ.JsqbQ8G	\N
\.


--
-- Data for Name: users_formateurs; Type: TABLE DATA; Schema: public; Owner: app
--

COPY public.users_formateurs (id, bio, specialite, experiences, user_id) FROM stdin;
1	Expert React et JavaScript	Développement Web	10 ans	7
2	Formatrice Symfony certifiée	PHP / Symfony	8 ans	8
3	DBA senior	Base de données	12 ans	9
4	Designer UX senior	Design UX/UI	7 ans	10
5	Expert DevOps et cybersécurité	DevOps / Sécurité	9 ans	11
\.


--
-- Name: ateliers_id_seq; Type: SEQUENCE SET; Schema: public; Owner: app
--

SELECT pg_catalog.setval('public.ateliers_id_seq', 6, true);


--
-- Name: inscriptions_id_seq; Type: SEQUENCE SET; Schema: public; Owner: app
--

SELECT pg_catalog.setval('public.inscriptions_id_seq', 5, true);


--
-- Name: users_formateurs_id_seq; Type: SEQUENCE SET; Schema: public; Owner: app
--

SELECT pg_catalog.setval('public.users_formateurs_id_seq', 5, true);


--
-- Name: users_id_seq; Type: SEQUENCE SET; Schema: public; Owner: app
--

SELECT pg_catalog.setval('public.users_id_seq', 12, true);


--
-- Name: ateliers ateliers_pkey; Type: CONSTRAINT; Schema: public; Owner: app
--

ALTER TABLE ONLY public.ateliers
    ADD CONSTRAINT ateliers_pkey PRIMARY KEY (id);


--
-- Name: inscriptions inscriptions_pkey; Type: CONSTRAINT; Schema: public; Owner: app
--

ALTER TABLE ONLY public.inscriptions
    ADD CONSTRAINT inscriptions_pkey PRIMARY KEY (id);


--
-- Name: users_formateurs users_formateurs_pkey; Type: CONSTRAINT; Schema: public; Owner: app
--

ALTER TABLE ONLY public.users_formateurs
    ADD CONSTRAINT users_formateurs_pkey PRIMARY KEY (id);


--
-- Name: users users_pkey; Type: CONSTRAINT; Schema: public; Owner: app
--

ALTER TABLE ONLY public.users
    ADD CONSTRAINT users_pkey PRIMARY KEY (id);


--
-- Name: idx_74e0281c82e2cf35; Type: INDEX; Schema: public; Owner: app
--

CREATE INDEX idx_74e0281c82e2cf35 ON public.inscriptions USING btree (atelier_id);


--
-- Name: idx_74e0281cfb88e14f; Type: INDEX; Schema: public; Owner: app
--

CREATE INDEX idx_74e0281cfb88e14f ON public.inscriptions USING btree (utilisateur_id);


--
-- Name: idx_b9880561155d8f51; Type: INDEX; Schema: public; Owner: app
--

CREATE INDEX idx_b9880561155d8f51 ON public.ateliers USING btree (formateur_id);


--
-- Name: uniq_1483a5e9e7927c74; Type: INDEX; Schema: public; Owner: app
--

CREATE UNIQUE INDEX uniq_1483a5e9e7927c74 ON public.users USING btree (email);


--
-- Name: uniq_2aeb4ae0a76ed395; Type: INDEX; Schema: public; Owner: app
--

CREATE UNIQUE INDEX uniq_2aeb4ae0a76ed395 ON public.users_formateurs USING btree (user_id);


--
-- Name: users_formateurs fk_2aeb4ae0a76ed395; Type: FK CONSTRAINT; Schema: public; Owner: app
--

ALTER TABLE ONLY public.users_formateurs
    ADD CONSTRAINT fk_2aeb4ae0a76ed395 FOREIGN KEY (user_id) REFERENCES public.users(id);


--
-- Name: inscriptions fk_74e0281c82e2cf35; Type: FK CONSTRAINT; Schema: public; Owner: app
--

ALTER TABLE ONLY public.inscriptions
    ADD CONSTRAINT fk_74e0281c82e2cf35 FOREIGN KEY (atelier_id) REFERENCES public.ateliers(id);


--
-- Name: inscriptions fk_74e0281cfb88e14f; Type: FK CONSTRAINT; Schema: public; Owner: app
--

ALTER TABLE ONLY public.inscriptions
    ADD CONSTRAINT fk_74e0281cfb88e14f FOREIGN KEY (utilisateur_id) REFERENCES public.users(id);


--
-- Name: ateliers fk_b9880561155d8f51; Type: FK CONSTRAINT; Schema: public; Owner: app
--

ALTER TABLE ONLY public.ateliers
    ADD CONSTRAINT fk_b9880561155d8f51 FOREIGN KEY (formateur_id) REFERENCES public.users_formateurs(id);


--
-- PostgreSQL database dump complete
--

\unrestrict KwlJRNSLf6sz1PkF9GbjYk9rKQZEBMe40Vbn4IsIriNeb9Hvmt0ha2I5NxTupc0

